epoch,step,train_loss,val_loss
0,49,1.3189531564712524,
0,99,1.249837875366211,
0,149,1.2074990272521973,
0,187,,1.1671980619430542
1,199,1.1583101749420166,
