epoch,step,train_loss,val_loss
0,49,1.3136483430862427,
0,99,1.2043404579162598,
0,149,1.1472759246826172,
0,187,,1.3925436735153198
